Model,RMSE,MAE,MAPE (%),R2
CNN-LSTM (Tuned),12.125078024072412,8.702741622924805,13.999698,0.9603676199913025
